{"ms-python.python":{"INTERPRETERS_CACHE_v3_WorkspaceVirtualEnvService:0beda913e7a8c6a7d87dde56478d0215":[],"INTERPRETERS_CACHE_v3_WorkspaceVirtualEnvService":[],"autoSelectedWorkspacePythonInterpreter-/home/victor_isaias_souzazone":{"architecture":3,"path":"/usr/bin/python","version":{"options":{"loose":false,"includePrerelease":false},"loose":false,"raw":"3.9.2-final","major":3,"minor":9,"patch":2,"prerelease":["final"],"build":[],"version":"3.9.2-final"},"sysVersion":"3.9.2 (default, Feb 28 2021, 17:03:44) \n[GCC 10.2.1 20210110]","sysPrefix":"/usr","fileHash":"a2a65f480415588c443d0fa3a99dea5cf8351496c658b290ec3dc3a5a255361bee6fe2a98e3e18a1edac369b648af418775a0b5b85a7ca1abd6ddb7732b56ddf","envType":"Unknown"},"autoSelectedWorkspacePythonInterpreter-/home/victor_isaias_souzazone/Calculadora_imc.py":{"architecture":3,"path":"/usr/bin/python","version":{"options":{"loose":false,"includePrerelease":false},"loose":false,"raw":"3.9.2-final","major":3,"minor":9,"patch":2,"prerelease":["final"],"build":[],"version":"3.9.2-final"},"sysVersion":"3.9.2 (default, Feb 28 2021, 17:03:44) \n[GCC 10.2.1 20210110]","sysPrefix":"/usr","fileHash":"a2a65f480415588c443d0fa3a99dea5cf8351496c658b290ec3dc3a5a255361bee6fe2a98e3e18a1edac369b648af418775a0b5b85a7ca1abd6ddb7732b56ddf","envType":"Unknown"}}}
