{"ms-python.python":{"InterpreterSelectionTip":true,"EXPERIMENT_STORAGE_KEY":[{"name":"AlwaysDisplayTestExplorer - experiment","salt":"AlwaysDisplayTestExplorer","min":80,"max":100},{"name":"AlwaysDisplayTestExplorer - control","salt":"AlwaysDisplayTestExplorer","min":0,"max":20},{"name":"ShowPlayIcon - start","salt":"ShowPlayIcon","max":100,"min":0},{"name":"ShowExtensionSurveyPrompt - enabled","salt":"ShowExtensionSurveyPrompt","max":100,"min":80},{"name":"ShowExtensionSurveyPrompt - control","salt":"ShowExtensionSurveyPrompt","min":0,"max":20},{"name":"DebugAdapterFactory - control","salt":"DebugAdapterFactory","min":0,"max":0},{"name":"DebugAdapterFactory - experiment","salt":"DebugAdapterFactory","min":0,"max":100},{"name":"PtvsdWheels37 - control","salt":"DebugAdapterFactory","min":0,"max":0},{"name":"PtvsdWheels37 - experiment","salt":"DebugAdapterFactory","min":0,"max":100},{"name":"Reload - control","salt":"DebugAdapterFactory","min":0,"max":0},{"name":"Reload - experiment","salt":"DebugAdapterFactory","min":0,"max":0},{"name":"UseTerminalToGetActivatedEnvVars - experiment","salt":"UseTerminalToGetActivatedEnvVars","min":0,"max":0},{"name":"UseTerminalToGetActivatedEnvVars - control","salt":"UseTerminalToGetActivatedEnvVars","min":0,"max":100},{"name":"AA_testing - control","salt":"AA_testing","min":0,"max":10},{"name":"AA_testing - experiment","salt":"AA_testing","min":90,"max":100},{"name":"LocalZMQKernel - experiment","salt":"LocalZMQKernel","min":0,"max":100},{"name":"LocalZMQKernel - control","salt":"LocalZMQKernel","min":0,"max":0},{"name":"CollectLSRequestTiming - experiment","salt":"CollectLSRequestTiming","min":0,"max":10},{"name":"CollectLSRequestTiming - control","salt":"CollectLSRequestTiming","min":10,"max":100},{"name":"CollectNodeLSRequestTiming - experiment","salt":"CollectNodeLSRequestTiming","min":0,"max":100},{"name":"CollectNodeLSRequestTiming - control","salt":"CollectNodeLSRequestTiming","min":0,"max":0},{"name":"EnableIPyWidgets - experiment","salt":"EnableIPyWidgets","min":0,"max":100},{"name":"EnableIPyWidgets - control","salt":"EnableIPyWidgets","min":0,"max":0},{"name":"DeprecatePythonPath - experiment","salt":"DeprecatePythonPath","min":0,"max":20},{"name":"DeprecatePythonPath - control","salt":"DeprecatePythonPath","min":80,"max":100},{"name":"RunByLine - experiment","salt":"RunByLine","min":0,"max":40},{"name":"RunByLine - control","salt":"RunByLine","min":40,"max":100},{"name":"CustomEditorSupport - control","salt":"CustomEditorSupport","min":0,"max":100},{"name":"CustomEditorSupport - experiment","salt":"CustomEditorSupport","min":0,"max":0},{"name":"NativeNotebook - experiment","salt":"CustomEditorSupport","max":0,"min":0}],"workspaceFolderKeysForWhichTheCopyIsDone_Key":["/home/victor_isaias_souzazone"],"workspaceKeysForWhichTheCopyIsDone_Key":["/home/victor_isaias_souzazone/.theia/workspaces/Untitled-867.theia-workspace"],"VSCode.ABExp.FeatureData":{"features":["3491uorruq","account-aacf","config.editor.experimental.asyncTokenizationcf","config.python.analysis.disableSemanticOnNoPython","config.python.analysis.gotoDefinitionInStringLiteral","config.python.analysis.persistAllIndices","config.python.createEnvironment.contentButton","livesharecontinuousaacf","mindaroBinariesVersion","mindaroBinariesVersion-1.0.20210702","mindaroBinariesVersion-1.0.20210723","portForwardingServiceEnabled-development","portForwardingServiceEnabled-production","portForwardingServiceEnabled-staging","pylanceRenameFile","pythonPromptNewFormatterExt","pythonPromptNewToolsExt","PythonPyTorchProfiler","pythonTensorboardExperiment","pythonTerminalEnvVarActivationcf","pythonTestAdapter","RemoveKernelToolbarInInteractiveWindowcf","reusableLinks","shouldUseGrpcService","test11-04-2020","testing-appver4cf"],"assignmentContext":"vsliv368cf:30146710;vsreu685:30147344;python383cf:30185419;vspor879:30202332;vspor708:30202333;vspor363:30204092;vstes627:30244334;pythontb:30283811;pythonptprofiler:30281270;vstes263cf:30335440;binariesv615:30325510;bridge0708:30335490;bridge0723:30353136;vsaa593cf:30376535;pythonvs932:30410667;py29gd2263:30792226;vs3491uorruq:30493474;c4g48928:30535728;pynewext54:30695312;0bi6i642:30841073;pythonfmttext:30731395;pythongtdpath:30769146;pythonnosmt12:30797651;pythonidxpt:30805730;pythonnoceb:30805159;synctok:30821570;","configs":[{"Id":"vscode","Parameters":{"3491uorruq":true,"account-aa":false,"config.editor.experimental.asyncTokenization":false,"config.python.analysis.disableSemanticOnNoPython":true,"config.python.analysis.gotoDefinitionInStringLiteral":true,"config.python.analysis.persistAllIndices":true,"config.python.createEnvironment.contentButton":"hide","livesharecontinuousaa":false,"mindaroBinariesVersion":"1.0.20210615.1","mindaroBinariesVersion-1.0.20210702":"1.0.20210708.15","mindaroBinariesVersion-1.0.20210723":"1.0.20210723.6","portForwardingServiceEnabled-development":true,"portForwardingServiceEnabled-production":true,"portForwardingServiceEnabled-staging":true,"pylanceRenameFile":true,"pythonPromptNewFormatterExt":true,"pythonPromptNewToolsExt":true,"PythonPyTorchProfiler":true,"pythonTensorboardExperiment":true,"pythonTerminalEnvVarActivation":false,"pythonTestAdapter":true,"RemoveKernelToolbarInInteractiveWindow":false,"reusableLinks":true,"shouldUseGrpcService":true,"test11-04-2020":true,"testing-appver4":false}}]},"/usr/bin/python.interpreter.Details.v7":{"data":{"fileHash":"a2a65f480415588c443d0fa3a99dea5cf8351496c658b290ec3dc3a5a255361bee6fe2a98e3e18a1edac369b648af418775a0b5b85a7ca1abd6ddb7732b56ddf","info":{"architecture":3,"path":"/usr/bin/python","version":{"options":{"loose":false,"includePrerelease":false},"loose":false,"raw":"3.9.2-final","major":3,"minor":9,"patch":2,"prerelease":["final"],"build":[],"version":"3.9.2-final"},"sysVersion":"3.9.2 (default, Feb 28 2021, 17:03:44) \n[GCC 10.2.1 20210110]","sysPrefix":"/usr","fileHash":"a2a65f480415588c443d0fa3a99dea5cf8351496c658b290ec3dc3a5a255361bee6fe2a98e3e18a1edac369b648af418775a0b5b85a7ca1abd6ddb7732b56ddf","envType":"Unknown","displayName":"Python 3.9.2 64-bit"}},"expiry":1695671222018},"INTERPRETERS_CACHE_v3_CondaEnvService":[],"/usr/bin/python.v3":{"data":{"architecture":3,"path":"/usr/bin/python","version":{"options":{"loose":false,"includePrerelease":false},"loose":false,"raw":"3.9.2-final","major":3,"minor":9,"patch":2,"prerelease":["final"],"build":[],"version":"3.9.2-final"},"sysVersion":"3.9.2 (default, Feb 28 2021, 17:03:44) \n[GCC 10.2.1 20210110]","sysPrefix":"/usr","fileHash":"a2a65f480415588c443d0fa3a99dea5cf8351496c658b290ec3dc3a5a255361bee6fe2a98e3e18a1edac369b648af418775a0b5b85a7ca1abd6ddb7732b56ddf"},"expiry":1695671215897},"INTERPRETERS_CACHE_v3_CondaEnvFileService":[],"/usr/bin/python3.v3":{"data":{"architecture":3,"path":"/usr/bin/python3","version":{"options":{"loose":false,"includePrerelease":false},"loose":false,"raw":"3.9.2-final","major":3,"minor":9,"patch":2,"prerelease":["final"],"build":[],"version":"3.9.2-final"},"sysVersion":"3.9.2 (default, Feb 28 2021, 17:03:44) \n[GCC 10.2.1 20210110]","sysPrefix":"/usr","fileHash":"e30511f30fc48a28148b173e0d25b9fac3a3995d9415ff522c3ed1ce99e3f05a56cda6639f8c5417d8c33c306ab9c26926278fd73dbe1e649a97cf1e5597579f"},"expiry":1695671217275},"/usr/bin/python2.v3":{"data":{"architecture":3,"path":"/usr/bin/python2","version":{"options":{"loose":false,"includePrerelease":false},"loose":false,"raw":"2.7.18-final","major":2,"minor":7,"patch":18,"prerelease":["final"],"build":[],"version":"2.7.18-final"},"sysVersion":"2.7.18 (default, Jul 14 2021, 08:11:37) \n[GCC 10.2.1 20210110]","sysPrefix":"/usr","fileHash":"83ebdbd3be9a480c6b768e2e9d87fe440d9e94c2c0e8c3bea7daaecfc6872cc7de079249733d2ad3c36c31e82fd8db2ba57def10d25d6feb3a08799db7e6ab6d"},"expiry":1695671217304},"isGlobalSettingCopiedKey":true,"INTERPRETERS_CACHE_v3_CurrentPathService":[{"architecture":3,"path":"/usr/bin/python3","version":{"options":{"loose":false,"includePrerelease":false},"loose":false,"raw":"3.9.2-final","major":3,"minor":9,"patch":2,"prerelease":["final"],"build":[],"version":"3.9.2-final"},"sysVersion":"3.9.2 (default, Feb 28 2021, 17:03:44) \n[GCC 10.2.1 20210110]","sysPrefix":"/usr","fileHash":"e30511f30fc48a28148b173e0d25b9fac3a3995d9415ff522c3ed1ce99e3f05a56cda6639f8c5417d8c33c306ab9c26926278fd73dbe1e649a97cf1e5597579f","envType":"Unknown"},{"architecture":3,"path":"/usr/bin/python2","version":{"options":{"loose":false,"includePrerelease":false},"loose":false,"raw":"2.7.18-final","major":2,"minor":7,"patch":18,"prerelease":["final"],"build":[],"version":"2.7.18-final"},"sysVersion":"2.7.18 (default, Jul 14 2021, 08:11:37) \n[GCC 10.2.1 20210110]","sysPrefix":"/usr","fileHash":"83ebdbd3be9a480c6b768e2e9d87fe440d9e94c2c0e8c3bea7daaecfc6872cc7de079249733d2ad3c36c31e82fd8db2ba57def10d25d6feb3a08799db7e6ab6d","envType":"Unknown"},{"architecture":3,"path":"/usr/bin/python","version":{"options":{"loose":false,"includePrerelease":false},"loose":false,"raw":"3.9.2-final","major":3,"minor":9,"patch":2,"prerelease":["final"],"build":[],"version":"3.9.2-final"},"sysVersion":"3.9.2 (default, Feb 28 2021, 17:03:44) \n[GCC 10.2.1 20210110]","sysPrefix":"/usr","fileHash":"a2a65f480415588c443d0fa3a99dea5cf8351496c658b290ec3dc3a5a255361bee6fe2a98e3e18a1edac369b648af418775a0b5b85a7ca1abd6ddb7732b56ddf","envType":"Unknown"},{"architecture":3,"path":"/usr/bin/python","version":{"options":{"loose":false,"includePrerelease":false},"loose":false,"raw":"3.9.2-final","major":3,"minor":9,"patch":2,"prerelease":["final"],"build":[],"version":"3.9.2-final"},"sysVersion":"3.9.2 (default, Feb 28 2021, 17:03:44) \n[GCC 10.2.1 20210110]","sysPrefix":"/usr","fileHash":"a2a65f480415588c443d0fa3a99dea5cf8351496c658b290ec3dc3a5a255361bee6fe2a98e3e18a1edac369b648af418775a0b5b85a7ca1abd6ddb7732b56ddf","envType":"Unknown"}],"INTERPRETERS_CACHE_v3_VirtualEnvService":[],"InterpreterAutoSeletionRule-currentPath":{"architecture":3,"path":"/usr/bin/python","version":{"options":{"loose":false,"includePrerelease":false},"loose":false,"raw":"3.9.2-final","major":3,"minor":9,"patch":2,"prerelease":["final"],"build":[],"version":"3.9.2-final"},"sysVersion":"3.9.2 (default, Feb 28 2021, 17:03:44) \n[GCC 10.2.1 20210110]","sysPrefix":"/usr","fileHash":"a2a65f480415588c443d0fa3a99dea5cf8351496c658b290ec3dc3a5a255361bee6fe2a98e3e18a1edac369b648af418775a0b5b85a7ca1abd6ddb7732b56ddf","envType":"Unknown"},"/bin/python2.7.v3":{"data":{"architecture":3,"path":"/bin/python2.7","version":{"options":{"loose":false,"includePrerelease":false},"loose":false,"raw":"2.7.18-final","major":2,"minor":7,"patch":18,"prerelease":["final"],"build":[],"version":"2.7.18-final"},"sysVersion":"2.7.18 (default, Jul 14 2021, 08:11:37) \n[GCC 10.2.1 20210110]","sysPrefix":"/usr","fileHash":"babf955e025cabbf46bb2963105524c42b9693d6d72924ebd7f1ab73ce16387adc28d985ee488205c7b79bd15dddb7439a20f24500a79377692deacf9832380b"},"expiry":1695671220941},"/bin/python2.v3":{"data":{"architecture":3,"path":"/bin/python2","version":{"options":{"loose":false,"includePrerelease":false},"loose":false,"raw":"2.7.18-final","major":2,"minor":7,"patch":18,"prerelease":["final"],"build":[],"version":"2.7.18-final"},"sysVersion":"2.7.18 (default, Jul 14 2021, 08:11:37) \n[GCC 10.2.1 20210110]","sysPrefix":"/usr","fileHash":"83ebdbd3be9a480c6b768e2e9d87fe440d9e94c2c0e8c3bea7daaecfc6872cc7de079249733d2ad3c36c31e82fd8db2ba57def10d25d6feb3a08799db7e6ab6d"},"expiry":1695671220942},"/bin/python.v3":{"data":{"architecture":3,"path":"/bin/python","version":{"options":{"loose":false,"includePrerelease":false},"loose":false,"raw":"3.9.2-final","major":3,"minor":9,"patch":2,"prerelease":["final"],"build":[],"version":"3.9.2-final"},"sysVersion":"3.9.2 (default, Feb 28 2021, 17:03:44) \n[GCC 10.2.1 20210110]","sysPrefix":"/usr","fileHash":"a2a65f480415588c443d0fa3a99dea5cf8351496c658b290ec3dc3a5a255361bee6fe2a98e3e18a1edac369b648af418775a0b5b85a7ca1abd6ddb7732b56ddf"},"expiry":1695671220946},"/usr/bin/python3.9.v3":{"data":{"architecture":3,"path":"/usr/bin/python3.9","version":{"options":{"loose":false,"includePrerelease":false},"loose":false,"raw":"3.9.2-final","major":3,"minor":9,"patch":2,"prerelease":["final"],"build":[],"version":"3.9.2-final"},"sysVersion":"3.9.2 (default, Feb 28 2021, 17:03:44) \n[GCC 10.2.1 20210110]","sysPrefix":"/usr","fileHash":"87842ce509d49a450a07a70b3e368b2c8e71fedf0b8994d3a7203b0cadff87af8b4787b9a4a0dacb05acf7103c14388d48de7a80b4dd88703c394db43869fc15"},"expiry":1695671220947},"/usr/bin/python2.7.v3":{"data":{"architecture":3,"path":"/usr/bin/python2.7","version":{"options":{"loose":false,"includePrerelease":false},"loose":false,"raw":"2.7.18-final","major":2,"minor":7,"patch":18,"prerelease":["final"],"build":[],"version":"2.7.18-final"},"sysVersion":"2.7.18 (default, Jul 14 2021, 08:11:37) \n[GCC 10.2.1 20210110]","sysPrefix":"/usr","fileHash":"babf955e025cabbf46bb2963105524c42b9693d6d72924ebd7f1ab73ce16387adc28d985ee488205c7b79bd15dddb7439a20f24500a79377692deacf9832380b"},"expiry":1695671220948},"/bin/python3.9.v3":{"data":{"architecture":3,"path":"/bin/python3.9","version":{"options":{"loose":false,"includePrerelease":false},"loose":false,"raw":"3.9.2-final","major":3,"minor":9,"patch":2,"prerelease":["final"],"build":[],"version":"3.9.2-final"},"sysVersion":"3.9.2 (default, Feb 28 2021, 17:03:44) \n[GCC 10.2.1 20210110]","sysPrefix":"/usr","fileHash":"87842ce509d49a450a07a70b3e368b2c8e71fedf0b8994d3a7203b0cadff87af8b4787b9a4a0dacb05acf7103c14388d48de7a80b4dd88703c394db43869fc15"},"expiry":1695671221005},"/bin/python3.v3":{"data":{"architecture":3,"path":"/bin/python3","version":{"options":{"loose":false,"includePrerelease":false},"loose":false,"raw":"3.9.2-final","major":3,"minor":9,"patch":2,"prerelease":["final"],"build":[],"version":"3.9.2-final"},"sysVersion":"3.9.2 (default, Feb 28 2021, 17:03:44) \n[GCC 10.2.1 20210110]","sysPrefix":"/usr","fileHash":"e30511f30fc48a28148b173e0d25b9fac3a3995d9415ff522c3ed1ce99e3f05a56cda6639f8c5417d8c33c306ab9c26926278fd73dbe1e649a97cf1e5597579f"},"expiry":1695671220958},"preferredGlobalPyInterpreter":{"architecture":3,"path":"/usr/bin/python","version":{"options":{"loose":false,"includePrerelease":false},"loose":false,"raw":"3.9.2-final","major":3,"minor":9,"patch":2,"prerelease":["final"],"build":[],"version":"3.9.2-final"},"sysVersion":"3.9.2 (default, Feb 28 2021, 17:03:44) \n[GCC 10.2.1 20210110]","sysPrefix":"/usr","fileHash":"a2a65f480415588c443d0fa3a99dea5cf8351496c658b290ec3dc3a5a255361bee6fe2a98e3e18a1edac369b648af418775a0b5b85a7ca1abd6ddb7732b56ddf","envType":"Unknown"},"INTERPRETERS_CACHE_v3_KnownPathsService":[{"architecture":3,"path":"/usr/bin/python","version":{"options":{"loose":false,"includePrerelease":false},"loose":false,"raw":"3.9.2-final","major":3,"minor":9,"patch":2,"prerelease":["final"],"build":[],"version":"3.9.2-final"},"sysVersion":"3.9.2 (default, Feb 28 2021, 17:03:44) \n[GCC 10.2.1 20210110]","sysPrefix":"/usr","fileHash":"a2a65f480415588c443d0fa3a99dea5cf8351496c658b290ec3dc3a5a255361bee6fe2a98e3e18a1edac369b648af418775a0b5b85a7ca1abd6ddb7732b56ddf","envType":"Unknown"},{"architecture":3,"path":"/usr/bin/python2","version":{"options":{"loose":false,"includePrerelease":false},"loose":false,"raw":"2.7.18-final","major":2,"minor":7,"patch":18,"prerelease":["final"],"build":[],"version":"2.7.18-final"},"sysVersion":"2.7.18 (default, Jul 14 2021, 08:11:37) \n[GCC 10.2.1 20210110]","sysPrefix":"/usr","fileHash":"83ebdbd3be9a480c6b768e2e9d87fe440d9e94c2c0e8c3bea7daaecfc6872cc7de079249733d2ad3c36c31e82fd8db2ba57def10d25d6feb3a08799db7e6ab6d","envType":"Unknown"},{"architecture":3,"path":"/usr/bin/python2.7","version":{"options":{"loose":false,"includePrerelease":false},"loose":false,"raw":"2.7.18-final","major":2,"minor":7,"patch":18,"prerelease":["final"],"build":[],"version":"2.7.18-final"},"sysVersion":"2.7.18 (default, Jul 14 2021, 08:11:37) \n[GCC 10.2.1 20210110]","sysPrefix":"/usr","fileHash":"babf955e025cabbf46bb2963105524c42b9693d6d72924ebd7f1ab73ce16387adc28d985ee488205c7b79bd15dddb7439a20f24500a79377692deacf9832380b","envType":"Unknown"},{"architecture":3,"path":"/usr/bin/python3","version":{"options":{"loose":false,"includePrerelease":false},"loose":false,"raw":"3.9.2-final","major":3,"minor":9,"patch":2,"prerelease":["final"],"build":[],"version":"3.9.2-final"},"sysVersion":"3.9.2 (default, Feb 28 2021, 17:03:44) \n[GCC 10.2.1 20210110]","sysPrefix":"/usr","fileHash":"e30511f30fc48a28148b173e0d25b9fac3a3995d9415ff522c3ed1ce99e3f05a56cda6639f8c5417d8c33c306ab9c26926278fd73dbe1e649a97cf1e5597579f","envType":"Unknown"},{"architecture":3,"path":"/usr/bin/python3.9","version":{"options":{"loose":false,"includePrerelease":false},"loose":false,"raw":"3.9.2-final","major":3,"minor":9,"patch":2,"prerelease":["final"],"build":[],"version":"3.9.2-final"},"sysVersion":"3.9.2 (default, Feb 28 2021, 17:03:44) \n[GCC 10.2.1 20210110]","sysPrefix":"/usr","fileHash":"87842ce509d49a450a07a70b3e368b2c8e71fedf0b8994d3a7203b0cadff87af8b4787b9a4a0dacb05acf7103c14388d48de7a80b4dd88703c394db43869fc15","envType":"Unknown"},{"architecture":3,"path":"/bin/python","version":{"options":{"loose":false,"includePrerelease":false},"loose":false,"raw":"3.9.2-final","major":3,"minor":9,"patch":2,"prerelease":["final"],"build":[],"version":"3.9.2-final"},"sysVersion":"3.9.2 (default, Feb 28 2021, 17:03:44) \n[GCC 10.2.1 20210110]","sysPrefix":"/usr","fileHash":"a2a65f480415588c443d0fa3a99dea5cf8351496c658b290ec3dc3a5a255361bee6fe2a98e3e18a1edac369b648af418775a0b5b85a7ca1abd6ddb7732b56ddf","envType":"Unknown"},{"architecture":3,"path":"/bin/python2","version":{"options":{"loose":false,"includePrerelease":false},"loose":false,"raw":"2.7.18-final","major":2,"minor":7,"patch":18,"prerelease":["final"],"build":[],"version":"2.7.18-final"},"sysVersion":"2.7.18 (default, Jul 14 2021, 08:11:37) \n[GCC 10.2.1 20210110]","sysPrefix":"/usr","fileHash":"83ebdbd3be9a480c6b768e2e9d87fe440d9e94c2c0e8c3bea7daaecfc6872cc7de079249733d2ad3c36c31e82fd8db2ba57def10d25d6feb3a08799db7e6ab6d","envType":"Unknown"},{"architecture":3,"path":"/bin/python2.7","version":{"options":{"loose":false,"includePrerelease":false},"loose":false,"raw":"2.7.18-final","major":2,"minor":7,"patch":18,"prerelease":["final"],"build":[],"version":"2.7.18-final"},"sysVersion":"2.7.18 (default, Jul 14 2021, 08:11:37) \n[GCC 10.2.1 20210110]","sysPrefix":"/usr","fileHash":"babf955e025cabbf46bb2963105524c42b9693d6d72924ebd7f1ab73ce16387adc28d985ee488205c7b79bd15dddb7439a20f24500a79377692deacf9832380b","envType":"Unknown"},{"architecture":3,"path":"/bin/python3","version":{"options":{"loose":false,"includePrerelease":false},"loose":false,"raw":"3.9.2-final","major":3,"minor":9,"patch":2,"prerelease":["final"],"build":[],"version":"3.9.2-final"},"sysVersion":"3.9.2 (default, Feb 28 2021, 17:03:44) \n[GCC 10.2.1 20210110]","sysPrefix":"/usr","fileHash":"e30511f30fc48a28148b173e0d25b9fac3a3995d9415ff522c3ed1ce99e3f05a56cda6639f8c5417d8c33c306ab9c26926278fd73dbe1e649a97cf1e5597579f","envType":"Unknown"},{"architecture":3,"path":"/bin/python3.9","version":{"options":{"loose":false,"includePrerelease":false},"loose":false,"raw":"3.9.2-final","major":3,"minor":9,"patch":2,"prerelease":["final"],"build":[],"version":"3.9.2-final"},"sysVersion":"3.9.2 (default, Feb 28 2021, 17:03:44) \n[GCC 10.2.1 20210110]","sysPrefix":"/usr","fileHash":"87842ce509d49a450a07a70b3e368b2c8e71fedf0b8994d3a7203b0cadff87af8b4787b9a4a0dacb05acf7103c14388d48de7a80b4dd88703c394db43869fc15","envType":"Unknown"},{"architecture":3,"path":"/usr/bin/python","version":{"options":{"loose":false,"includePrerelease":false},"loose":false,"raw":"3.9.2-final","major":3,"minor":9,"patch":2,"prerelease":["final"],"build":[],"version":"3.9.2-final"},"sysVersion":"3.9.2 (default, Feb 28 2021, 17:03:44) \n[GCC 10.2.1 20210110]","sysPrefix":"/usr","fileHash":"a2a65f480415588c443d0fa3a99dea5cf8351496c658b290ec3dc3a5a255361bee6fe2a98e3e18a1edac369b648af418775a0b5b85a7ca1abd6ddb7732b56ddf","envType":"Unknown"},{"architecture":3,"path":"/usr/bin/python2","version":{"options":{"loose":false,"includePrerelease":false},"loose":false,"raw":"2.7.18-final","major":2,"minor":7,"patch":18,"prerelease":["final"],"build":[],"version":"2.7.18-final"},"sysVersion":"2.7.18 (default, Jul 14 2021, 08:11:37) \n[GCC 10.2.1 20210110]","sysPrefix":"/usr","fileHash":"83ebdbd3be9a480c6b768e2e9d87fe440d9e94c2c0e8c3bea7daaecfc6872cc7de079249733d2ad3c36c31e82fd8db2ba57def10d25d6feb3a08799db7e6ab6d","envType":"Unknown"},{"architecture":3,"path":"/usr/bin/python2.7","version":{"options":{"loose":false,"includePrerelease":false},"loose":false,"raw":"2.7.18-final","major":2,"minor":7,"patch":18,"prerelease":["final"],"build":[],"version":"2.7.18-final"},"sysVersion":"2.7.18 (default, Jul 14 2021, 08:11:37) \n[GCC 10.2.1 20210110]","sysPrefix":"/usr","fileHash":"babf955e025cabbf46bb2963105524c42b9693d6d72924ebd7f1ab73ce16387adc28d985ee488205c7b79bd15dddb7439a20f24500a79377692deacf9832380b","envType":"Unknown"},{"architecture":3,"path":"/usr/bin/python3","version":{"options":{"loose":false,"includePrerelease":false},"loose":false,"raw":"3.9.2-final","major":3,"minor":9,"patch":2,"prerelease":["final"],"build":[],"version":"3.9.2-final"},"sysVersion":"3.9.2 (default, Feb 28 2021, 17:03:44) \n[GCC 10.2.1 20210110]","sysPrefix":"/usr","fileHash":"e30511f30fc48a28148b173e0d25b9fac3a3995d9415ff522c3ed1ce99e3f05a56cda6639f8c5417d8c33c306ab9c26926278fd73dbe1e649a97cf1e5597579f","envType":"Unknown"},{"architecture":3,"path":"/usr/bin/python3.9","version":{"options":{"loose":false,"includePrerelease":false},"loose":false,"raw":"3.9.2-final","major":3,"minor":9,"patch":2,"prerelease":["final"],"build":[],"version":"3.9.2-final"},"sysVersion":"3.9.2 (default, Feb 28 2021, 17:03:44) \n[GCC 10.2.1 20210110]","sysPrefix":"/usr","fileHash":"87842ce509d49a450a07a70b3e368b2c8e71fedf0b8994d3a7203b0cadff87af8b4787b9a4a0dacb05acf7103c14388d48de7a80b4dd88703c394db43869fc15","envType":"Unknown"},{"architecture":3,"path":"/bin/python","version":{"options":{"loose":false,"includePrerelease":false},"loose":false,"raw":"3.9.2-final","major":3,"minor":9,"patch":2,"prerelease":["final"],"build":[],"version":"3.9.2-final"},"sysVersion":"3.9.2 (default, Feb 28 2021, 17:03:44) \n[GCC 10.2.1 20210110]","sysPrefix":"/usr","fileHash":"a2a65f480415588c443d0fa3a99dea5cf8351496c658b290ec3dc3a5a255361bee6fe2a98e3e18a1edac369b648af418775a0b5b85a7ca1abd6ddb7732b56ddf","envType":"Unknown"},{"architecture":3,"path":"/bin/python2","version":{"options":{"loose":false,"includePrerelease":false},"loose":false,"raw":"2.7.18-final","major":2,"minor":7,"patch":18,"prerelease":["final"],"build":[],"version":"2.7.18-final"},"sysVersion":"2.7.18 (default, Jul 14 2021, 08:11:37) \n[GCC 10.2.1 20210110]","sysPrefix":"/usr","fileHash":"83ebdbd3be9a480c6b768e2e9d87fe440d9e94c2c0e8c3bea7daaecfc6872cc7de079249733d2ad3c36c31e82fd8db2ba57def10d25d6feb3a08799db7e6ab6d","envType":"Unknown"},{"architecture":3,"path":"/bin/python2.7","version":{"options":{"loose":false,"includePrerelease":false},"loose":false,"raw":"2.7.18-final","major":2,"minor":7,"patch":18,"prerelease":["final"],"build":[],"version":"2.7.18-final"},"sysVersion":"2.7.18 (default, Jul 14 2021, 08:11:37) \n[GCC 10.2.1 20210110]","sysPrefix":"/usr","fileHash":"babf955e025cabbf46bb2963105524c42b9693d6d72924ebd7f1ab73ce16387adc28d985ee488205c7b79bd15dddb7439a20f24500a79377692deacf9832380b","envType":"Unknown"},{"architecture":3,"path":"/bin/python3","version":{"options":{"loose":false,"includePrerelease":false},"loose":false,"raw":"3.9.2-final","major":3,"minor":9,"patch":2,"prerelease":["final"],"build":[],"version":"3.9.2-final"},"sysVersion":"3.9.2 (default, Feb 28 2021, 17:03:44) \n[GCC 10.2.1 20210110]","sysPrefix":"/usr","fileHash":"e30511f30fc48a28148b173e0d25b9fac3a3995d9415ff522c3ed1ce99e3f05a56cda6639f8c5417d8c33c306ab9c26926278fd73dbe1e649a97cf1e5597579f","envType":"Unknown"},{"architecture":3,"path":"/bin/python3.9","version":{"options":{"loose":false,"includePrerelease":false},"loose":false,"raw":"3.9.2-final","major":3,"minor":9,"patch":2,"prerelease":["final"],"build":[],"version":"3.9.2-final"},"sysVersion":"3.9.2 (default, Feb 28 2021, 17:03:44) \n[GCC 10.2.1 20210110]","sysPrefix":"/usr","fileHash":"87842ce509d49a450a07a70b3e368b2c8e71fedf0b8994d3a7203b0cadff87af8b4787b9a4a0dacb05acf7103c14388d48de7a80b4dd88703c394db43869fc15","envType":"Unknown"}],"InterpreterAutoSeletionRule-cachedInterpreters":{"architecture":3,"path":"/usr/bin/python","version":{"options":{"loose":false,"includePrerelease":false},"loose":false,"raw":"3.9.2-final","major":3,"minor":9,"patch":2,"prerelease":["final"],"build":[],"version":"3.9.2-final"},"sysVersion":"3.9.2 (default, Feb 28 2021, 17:03:44) \n[GCC 10.2.1 20210110]","sysPrefix":"/usr","fileHash":"a2a65f480415588c443d0fa3a99dea5cf8351496c658b290ec3dc3a5a255361bee6fe2a98e3e18a1edac369b648af418775a0b5b85a7ca1abd6ddb7732b56ddf","envType":"Unknown"},"safeInterpretersKey":["/usr/bin/python"],"PipEnvInformation":[],"InterpreterAutoSeletionRule-system":{"architecture":3,"path":"/bin/python","version":{"options":{"loose":false,"includePrerelease":false},"loose":false,"raw":"3.9.2-final","major":3,"minor":9,"patch":2,"prerelease":["final"],"build":[],"version":"3.9.2-final"},"sysVersion":"3.9.2 (default, Feb 28 2021, 17:03:44) \n[GCC 10.2.1 20210110]","sysPrefix":"/usr","fileHash":"a2a65f480415588c443d0fa3a99dea5cf8351496c658b290ec3dc3a5a255361bee6fe2a98e3e18a1edac369b648af418775a0b5b85a7ca1abd6ddb7732b56ddf","envType":"Unknown","displayName":"Python 3.9.2 64-bit"},"/usr/bin/python.interpreter.displayName.v7":{"data":{"displayName":"Python 3.9.2 64-bit","hash":"a2a65f480415588c443d0fa3a99dea5cf8351496c658b290ec3dc3a5a255361bee6fe2a98e3e18a1edac369b648af418775a0b5b85a7ca1abd6ddb7732b56ddf-91b97d8555d31bfedee6899b5edd1085"},"expiry":1695671222007},"/usr/bin/python2.interpreter.displayName.v7":{"data":{"displayName":"Python 2.7.18 64-bit","hash":"83ebdbd3be9a480c6b768e2e9d87fe440d9e94c2c0e8c3bea7daaecfc6872cc7de079249733d2ad3c36c31e82fd8db2ba57def10d25d6feb3a08799db7e6ab6d-a357ff7402333c131fcfa9988bccb2f7"},"expiry":1695671222008},"/bin/python.interpreter.displayName.v7":{"data":{"displayName":"Python 3.9.2 64-bit","hash":"a2a65f480415588c443d0fa3a99dea5cf8351496c658b290ec3dc3a5a255361bee6fe2a98e3e18a1edac369b648af418775a0b5b85a7ca1abd6ddb7732b56ddf-6cbd504ac8a92948beed64b29212dce4"},"expiry":1695671222009},"/bin/python2.interpreter.displayName.v7":{"data":{"displayName":"Python 2.7.18 64-bit","hash":"83ebdbd3be9a480c6b768e2e9d87fe440d9e94c2c0e8c3bea7daaecfc6872cc7de079249733d2ad3c36c31e82fd8db2ba57def10d25d6feb3a08799db7e6ab6d-f95089174db4f89923ff27f97d13e510"},"expiry":1695671222010},"/usr/bin/python2.interpreter.Details.v7":{"data":{"fileHash":"83ebdbd3be9a480c6b768e2e9d87fe440d9e94c2c0e8c3bea7daaecfc6872cc7de079249733d2ad3c36c31e82fd8db2ba57def10d25d6feb3a08799db7e6ab6d","info":{"architecture":3,"path":"/usr/bin/python2","version":{"options":{"loose":false,"includePrerelease":false},"loose":false,"raw":"2.7.18-final","major":2,"minor":7,"patch":18,"prerelease":["final"],"build":[],"version":"2.7.18-final"},"sysVersion":"2.7.18 (default, Jul 14 2021, 08:11:37) \n[GCC 10.2.1 20210110]","sysPrefix":"/usr","fileHash":"83ebdbd3be9a480c6b768e2e9d87fe440d9e94c2c0e8c3bea7daaecfc6872cc7de079249733d2ad3c36c31e82fd8db2ba57def10d25d6feb3a08799db7e6ab6d","envType":"Unknown","displayName":"Python 2.7.18 64-bit"}},"expiry":1695671222360},"/bin/python.interpreter.Details.v7":{"data":{"fileHash":"a2a65f480415588c443d0fa3a99dea5cf8351496c658b290ec3dc3a5a255361bee6fe2a98e3e18a1edac369b648af418775a0b5b85a7ca1abd6ddb7732b56ddf","info":{"architecture":3,"path":"/bin/python","version":{"options":{"loose":false,"includePrerelease":false},"loose":false,"raw":"3.9.2-final","major":3,"minor":9,"patch":2,"prerelease":["final"],"build":[],"version":"3.9.2-final"},"sysVersion":"3.9.2 (default, Feb 28 2021, 17:03:44) \n[GCC 10.2.1 20210110]","sysPrefix":"/usr","fileHash":"a2a65f480415588c443d0fa3a99dea5cf8351496c658b290ec3dc3a5a255361bee6fe2a98e3e18a1edac369b648af418775a0b5b85a7ca1abd6ddb7732b56ddf","envType":"Unknown","displayName":"Python 3.9.2 64-bit"}},"expiry":1695671222360},"/bin/python2.interpreter.Details.v7":{"data":{"fileHash":"83ebdbd3be9a480c6b768e2e9d87fe440d9e94c2c0e8c3bea7daaecfc6872cc7de079249733d2ad3c36c31e82fd8db2ba57def10d25d6feb3a08799db7e6ab6d","info":{"architecture":3,"path":"/bin/python2","version":{"options":{"loose":false,"includePrerelease":false},"loose":false,"raw":"2.7.18-final","major":2,"minor":7,"patch":18,"prerelease":["final"],"build":[],"version":"2.7.18-final"},"sysVersion":"2.7.18 (default, Jul 14 2021, 08:11:37) \n[GCC 10.2.1 20210110]","sysPrefix":"/usr","fileHash":"83ebdbd3be9a480c6b768e2e9d87fe440d9e94c2c0e8c3bea7daaecfc6872cc7de079249733d2ad3c36c31e82fd8db2ba57def10d25d6feb3a08799db7e6ab6d","envType":"Unknown","displayName":"Python 2.7.18 64-bit"}},"expiry":1695671222372},"SWITCH_LS":"Jedi"}}
WITCH_LS":"Jedi"}}
